id;nome;descrizione;prezzo;disponibilita;categoria;image_url
1;state intuitiva Pants;olive;36759;37049;ARREDAMENTO;SMS spedizioni
2;dinamiche Austria Alessandria;indexing Generic tecnologie;26090;80310;ARREDAMENTO;transizionali Tasty
3;alarm maroon;Representative;8755;70702;ALTRO;strategiche
4;Contingenza;withdrawal Investment Metal;1192;85246;ACTIONFIGURE;Afghanistan Interactions Strada
5;calculating;terziaria;64236;42215;ACTIONFIGURE;Concrete
6;ricontestualizzata Fish Incredible;Pula sistemi;88286;34216;ALTRO;Norvegia Wooden asimmetrica
7;applicazioni;primary robusta Rufiyaa;42442;58237;ARREDAMENTO;Personal
8;Refined input;Via ottimali compressing;63691;12747;ACTIONFIGURE;withdrawal Fantastic switchabile
9;Cameroon;Rial automatizzata SMTP;37430;58075;ARREDAMENTO;e-services aggregate efficienti
10;Fresh Garden;quinta out-of-the-box olistiche;90712;59425;ARREDAMENTO;navigating Checking
